BlockNumber,timestamp,BlockHash,EraIndex,EraStart
1,1711605040000,0xfeb12b45943d4366ad8649df97df1008789ef96e6dd3a471bfe530a77f8af561,0,1711605040000
2,1711605060000,0x27d5280633bbec8ae3059f8bbe78a6c36f640150f9c013d5f51d5c36755099e8,0,1711605040000
3,1711605080000,0x5b10df9cbd936cb70802749effeb696cb9479646d274cd04bcc066443e4c545d,0,1711605040000
4,1711605100000,0xd6361d0e28c76dfc3b40bbf39bd961a4f5088cf73a90b57e5d37fe593b9c3602,0,1711605040000
5,1711605120001,0xf756fcf3830be4af0e3773a4f89ae689530b6bc75ff3764cfaac8113533865e2,0,1711605040000
6,1711605140000,0x6702bcab151d5703c195b8ae65028f325e6356bea070ebbc5ad7290b073aeab7,0,1711605040000
7,1711605160000,0x8a420ae8c65dd20235ea81c9bdb8bc5bbd0c887d33434e483552c998de6ce27a,0,1711605040000
8,1711605180000,0xe6cb79c66bb7a852d1e1e3cde58100cfbd1edd26caee44f89dde86d13a69cdc1,0,1711605040000
9,1711605200000,0xa19ab873eb6c58022bac51c0951081615f77873ab04a374b12a02c106b984fc9,0,1711605040000
10,1711605220001,0x6e4eec05492d729282a188d065a17f71311825360baf56636b7dcb37f422f796,0,1711605040000
11,1711605240001,0xd5e9fa1bf21d3ea04df4682e88c041d24a511eb0571f068b859eb81ff690cf85,0,1711605040000
12,1711605260000,0xbdcb56d47c730ccc3daf69c604e44c9bb2ef16c822de4499eb87b55abcbf379e,0,1711605040000
13,1711605280000,0x478593baf73100eb4bad2ef2aa2184088e16c0c6dc7b54de57a6a3d3d7be820c,0,1711605040000
14,1711605300000,0x659072b1c66acbc528753fdb5f15e5753177ef4a0e50007550d269b201ea0124,0,1711605040000
15,1711605320000,0x73cecf27ecad4faf4e7b87365d9407456e9cb3d2cba4377db401464b38bb6144,0,1711605040000
16,1711605340001,0x7c10f35c05a597a0f959f42680e4e4daeae27db48e41bc3392faef6e929a2a7c,0,1711605040000
17,1711605360000,0xcea70b9bbc1e617174f4fa98379f27fcd5b152e69bb0e89a879b1dd47b3feb7e,0,1711605040000
18,1711605380000,0x9aefe12bd2f25b3bf124715458808d4b1e8771fc4c8e16905055b4fac613863d,0,1711605040000
19,1711605400000,0xc6ac93079c4a66ebf0ad3540dad987584a61224cee8140644099541fd46852dc,0,1711605040000
